{
  "hypothesis_1_winter_precipitation": {
    "correlation": 0.03816460826310341,
    "sample_size": 19853,
    "compensation_rate": 41.000807102502016,
    "reverse_compensation_rate": 54.70514429109159,
    "dry_early_cases": 2478,
    "wet_early_cases": 3188
  },
  "hypothesis_2_spring_summer_heat": {
    "correlation_days": 0.2174780079409489,
    "correlation_intensity": 0.05762786413376259,
    "correlation_extreme_days": 0.2779368379045669,
    "avg_hw_warm_spring": 2.792870036101083,
    "avg_hw_cool_spring": 0.8713004484304933,
    "avg_extreme_warm_spring": 5.884476534296029,
    "avg_extreme_cool_spring": 2.42152466367713,
    "warm_spring_cases": 2216,
    "cool_spring_cases": 2230,
    "sample_size": 14275,
    "heat_threshold_percentile": 95
  },
  "hypothesis_3_wind_moderation": {
    "avg_range_before": 10.984719095903934,
    "avg_range_after": 10.913541169564466,
    "avg_range_change": -0.0711779263394833,
    "std_range_change": 2.95249884673407,
    "num_events": 67654,
    "moderation_rate": 50.37100540987968,
    "lag_days": 7
  },
  "hypothesis_4_snowmelt_precipitation": {
    "correlation": -0.055607462470899614,
    "correlation_standardized": 0.1461830609946947,
    "correlation_days": 0.05103810126776527,
    "early_melt_prcp_anomaly": -0.2129074174486881,
    "late_melt_prcp_anomaly": 0.17324702706261363,
    "early_melt_cases": 1195,
    "late_melt_cases": 1249,
    "early_dry_rate": 62.67782426778242,
    "late_wet_rate": 51.80144115292234,
    "sample_size": 8240,
    "num_stations": 607
  }
}